[{"model": "admin.logentry", "pk": 67, "fields": {"action_time": "2023-01-28T06:55:57.257Z", "user": 2, "content_type": 10, "object_id": "1", "object_repr": "Família", "action_flag": 1, "change_message": "[{\"added\": {}}]"}}, {"model": "admin.logentry", "pk": 68, "fields": {"action_time": "2023-01-28T06:56:02.543Z", "user": 2, "content_type": 10, "object_id": "2", "object_repr": "Amigo / Amiga", "action_flag": 1, "change_message": "[{\"added\": {}}]"}}, {"model": "admin.logentry", "pk": 69, "fields": {"action_time": "2023-01-28T06:56:09.848Z", "user": 2, "content_type": 10, "object_id": "3", "object_repr": "Conhecido/a", "action_flag": 1, "change_message": "[{\"added\": {}}]"}}, {"model": "admin.logentry", "pk": 70, "fields": {"action_time": "2023-01-28T06:56:14.976Z", "user": 2, "content_type": 10, "object_id": "4", "object_repr": "Trabalho", "action_flag": 1, "change_message": "[{\"added\": {}}]"}}, {"model": "admin.logentry", "pk": 71, "fields": {"action_time": "2023-01-28T06:56:25.212Z", "user": 2, "content_type": 10, "object_id": "5", "object_repr": "Conhecido(a)", "action_flag": 1, "change_message": "[{\"added\": {}}]"}}, {"model": "admin.logentry", "pk": 72, "fields": {"action_time": "2023-01-28T06:56:32.045Z", "user": 2, "content_type": 10, "object_id": "3", "object_repr": "Conhecido/a", "action_flag": 3, "change_message": ""}}, {"model": "admin.logentry", "pk": 73, "fields": {"action_time": "2023-01-28T06:56:40.064Z", "user": 2, "content_type": 10, "object_id": "6", "object_repr": "Amigo(a)", "action_flag": 1, "change_message": "[{\"added\": {}}]"}}, {"model": "admin.logentry", "pk": 74, "fields": {"action_time": "2023-01-28T06:56:48.219Z", "user": 2, "content_type": 10, "object_id": "7", "object_repr": "Conhecido(a)", "action_flag": 1, "change_message": "[{\"added\": {}}]"}}, {"model": "admin.logentry", "pk": 75, "fields": {"action_time": "2023-01-28T06:56:53.565Z", "user": 2, "content_type": 10, "object_id": "7", "object_repr": "Conhecido(a)", "action_flag": 3, "change_message": ""}}, {"model": "admin.logentry", "pk": 76, "fields": {"action_time": "2023-01-28T06:57:25.637Z", "user": 2, "content_type": 10, "object_id": "2", "object_repr": "Amigo / Amiga", "action_flag": 3, "change_message": ""}}, {"model": "admin.logentry", "pk": 77, "fields": {"action_time": "2023-01-28T06:57:47.228Z", "user": 2, "content_type": 10, "object_id": "7", "object_repr": "Amigos próximos", "action_flag": 1, "change_message": "[{\"added\": {}}]"}}, {"model": "admin.logentry", "pk": 78, "fields": {"action_time": "2023-01-28T06:57:55.816Z", "user": 2, "content_type": 10, "object_id": "8", "object_repr": "Namorado(a)", "action_flag": 1, "change_message": "[{\"added\": {}}]"}}, {"model": "admin.logentry", "pk": 79, "fields": {"action_time": "2023-01-28T06:58:18.985Z", "user": 2, "content_type": 10, "object_id": "9", "object_repr": "Desconhecido", "action_flag": 1, "change_message": "[{\"added\": {}}]"}}, {"model": "admin.logentry", "pk": 80, "fields": {"action_time": "2023-01-28T07:00:14.051Z", "user": 2, "content_type": 9, "object_id": "1", "object_repr": "Akame", "action_flag": 1, "change_message": "[{\"added\": {}}]"}}, {"model": "admin.logentry", "pk": 81, "fields": {"action_time": "2023-01-28T07:01:12.429Z", "user": 2, "content_type": 9, "object_id": "2", "object_repr": "Boruto", "action_flag": 1, "change_message": "[{\"added\": {}}]"}}, {"model": "admin.logentry", "pk": 82, "fields": {"action_time": "2023-01-28T07:01:22.098Z", "user": 2, "content_type": 9, "object_id": "2", "object_repr": "Boruto", "action_flag": 2, "change_message": "[{\"changed\": {\"fields\": [\"Foto\"]}}]"}}, {"model": "admin.logentry", "pk": 83, "fields": {"action_time": "2023-01-28T07:02:59.147Z", "user": 2, "content_type": 9, "object_id": "3", "object_repr": "Chiyo", "action_flag": 1, "change_message": "[{\"added\": {}}]"}}, {"model": "admin.logentry", "pk": 84, "fields": {"action_time": "2023-01-28T07:03:59.111Z", "user": 2, "content_type": 9, "object_id": "4", "object_repr": "Denki", "action_flag": 1, "change_message": "[{\"added\": {}}]"}}, {"model": "admin.logentry", "pk": 85, "fields": {"action_time": "2023-01-28T07:04:50.666Z", "user": 2, "content_type": 9, "object_id": "5", "object_repr": "Edward", "action_flag": 1, "change_message": "[{\"added\": {}}]"}}, {"model": "admin.logentry", "pk": 86, "fields": {"action_time": "2023-01-28T07:06:08.366Z", "user": 2, "content_type": 9, "object_id": "6", "object_repr": "Fu", "action_flag": 1, "change_message": "[{\"added\": {}}]"}}, {"model": "admin.logentry", "pk": 87, "fields": {"action_time": "2023-01-28T07:06:22.889Z", "user": 2, "content_type": 9, "object_id": "6", "object_repr": "Fujiko", "action_flag": 2, "change_message": "[{\"changed\": {\"fields\": [\"Nome\", \"Foto\"]}}]"}}, {"model": "admin.logentry", "pk": 88, "fields": {"action_time": "2023-01-28T07:07:27.338Z", "user": 2, "content_type": 9, "object_id": "7", "object_repr": "Gai", "action_flag": 1, "change_message": "[{\"added\": {}}]"}}, {"model": "admin.logentry", "pk": 89, "fields": {"action_time": "2023-01-28T07:08:53.276Z", "user": 2, "content_type": 9, "object_id": "8", "object_repr": "Hinata", "action_flag": 1, "change_message": "[{\"added\": {}}]"}}, {"model": "admin.logentry", "pk": 90, "fields": {"action_time": "2023-01-28T07:09:05.228Z", "user": 2, "content_type": 9, "object_id": "8", "object_repr": "Hinata", "action_flag": 2, "change_message": "[{\"changed\": {\"fields\": [\"Foto\"]}}]"}}, {"model": "admin.logentry", "pk": 91, "fields": {"action_time": "2023-01-28T07:09:48.738Z", "user": 2, "content_type": 9, "object_id": "9", "object_repr": "Izuku", "action_flag": 1, "change_message": "[{\"added\": {}}]"}}, {"model": "admin.logentry", "pk": 92, "fields": {"action_time": "2023-01-28T07:10:42.556Z", "user": 2, "content_type": 9, "object_id": "10", "object_repr": "Jotaro", "action_flag": 1, "change_message": "[{\"added\": {}}]"}}, {"model": "admin.logentry", "pk": 93, "fields": {"action_time": "2023-01-28T07:11:27.195Z", "user": 2, "content_type": 9, "object_id": "11", "object_repr": "Karine", "action_flag": 1, "change_message": "[{\"added\": {}}]"}}, {"model": "admin.logentry", "pk": 94, "fields": {"action_time": "2023-01-28T07:12:21.897Z", "user": 2, "content_type": 9, "object_id": "12", "object_repr": "Luffy", "action_flag": 1, "change_message": "[{\"added\": {}}]"}}, {"model": "admin.logentry", "pk": 95, "fields": {"action_time": "2023-01-28T07:13:26.214Z", "user": 2, "content_type": 9, "object_id": "13", "object_repr": "Mirajane", "action_flag": 1, "change_message": "[{\"added\": {}}]"}}, {"model": "admin.logentry", "pk": 96, "fields": {"action_time": "2023-01-28T07:14:15.334Z", "user": 2, "content_type": 9, "object_id": "14", "object_repr": "Naruto", "action_flag": 1, "change_message": "[{\"added\": {}}]"}}, {"model": "admin.logentry", "pk": 97, "fields": {"action_time": "2023-01-28T07:15:37.327Z", "user": 2, "content_type": 9, "object_id": "15", "object_repr": "Okabe", "action_flag": 1, "change_message": "[{\"added\": {}}]"}}, {"model": "admin.logentry", "pk": 98, "fields": {"action_time": "2023-01-28T07:16:27.966Z", "user": 2, "content_type": 9, "object_id": "16", "object_repr": "Portgas", "action_flag": 1, "change_message": "[{\"added\": {}}]"}}, {"model": "admin.logentry", "pk": 99, "fields": {"action_time": "2023-01-28T07:16:58.856Z", "user": 2, "content_type": 9, "object_id": "17", "object_repr": "Quent", "action_flag": 1, "change_message": "[{\"added\": {}}]"}}, {"model": "admin.logentry", "pk": 100, "fields": {"action_time": "2023-01-28T07:18:07.837Z", "user": 2, "content_type": 9, "object_id": "18", "object_repr": "Robin", "action_flag": 1, "change_message": "[{\"added\": {}}]"}}, {"model": "admin.logentry", "pk": 101, "fields": {"action_time": "2023-01-28T07:18:47.587Z", "user": 2, "content_type": 9, "object_id": "19", "object_repr": "Sakura", "action_flag": 1, "change_message": "[{\"added\": {}}]"}}, {"model": "admin.logentry", "pk": 102, "fields": {"action_time": "2023-01-28T07:19:32.447Z", "user": 2, "content_type": 9, "object_id": "20", "object_repr": "Sasuke", "action_flag": 1, "change_message": "[{\"added\": {}}]"}}, {"model": "admin.logentry", "pk": 103, "fields": {"action_time": "2023-01-28T07:20:21.936Z", "user": 2, "content_type": 9, "object_id": "21", "object_repr": "Scarlet", "action_flag": 1, "change_message": "[{\"added\": {}}]"}}, {"model": "admin.logentry", "pk": 104, "fields": {"action_time": "2023-01-28T07:21:05.029Z", "user": 2, "content_type": 9, "object_id": "22", "object_repr": "Tatsumaki", "action_flag": 1, "change_message": "[{\"added\": {}}]"}}, {"model": "admin.logentry", "pk": 105, "fields": {"action_time": "2023-01-28T07:21:47.277Z", "user": 2, "content_type": 9, "object_id": "23", "object_repr": "Toga", "action_flag": 1, "change_message": "[{\"added\": {}}]"}}, {"model": "admin.logentry", "pk": 106, "fields": {"action_time": "2023-01-28T07:22:20.966Z", "user": 2, "content_type": 9, "object_id": "24", "object_repr": "Uraraka", "action_flag": 1, "change_message": "[{\"added\": {}}]"}}, {"model": "admin.logentry", "pk": 107, "fields": {"action_time": "2023-01-28T07:23:04.317Z", "user": 2, "content_type": 9, "object_id": "25", "object_repr": "Vinsmoke", "action_flag": 1, "change_message": "[{\"added\": {}}]"}}, {"model": "admin.logentry", "pk": 108, "fields": {"action_time": "2023-01-28T07:23:42.585Z", "user": 2, "content_type": 9, "object_id": "26", "object_repr": "Yato", "action_flag": 1, "change_message": "[{\"added\": {}}]"}}, {"model": "admin.logentry", "pk": 109, "fields": {"action_time": "2023-01-28T07:25:14.858Z", "user": 2, "content_type": 9, "object_id": "27", "object_repr": "Zorro", "action_flag": 1, "change_message": "[{\"added\": {}}]"}}, {"model": "admin.logentry", "pk": 110, "fields": {"action_time": "2023-01-28T13:02:32.971Z", "user": 2, "content_type": 4, "object_id": "3", "object_repr": "jose", "action_flag": 3, "change_message": ""}}, {"model": "admin.logentry", "pk": 111, "fields": {"action_time": "2023-01-28T13:02:33.086Z", "user": 2, "content_type": 4, "object_id": "5", "object_repr": "lean", "action_flag": 3, "change_message": ""}}, {"model": "admin.logentry", "pk": 112, "fields": {"action_time": "2023-01-28T13:02:33.197Z", "user": 2, "content_type": 4, "object_id": "4", "object_repr": "teste", "action_flag": 3, "change_message": ""}}, {"model": "admin.logentry", "pk": 113, "fields": {"action_time": "2023-01-28T13:34:27.274Z", "user": 2, "content_type": 9, "object_id": "28", "object_repr": "Naruto", "action_flag": 1, "change_message": "[{\"added\": {}}]"}}, {"model": "admin.logentry", "pk": 114, "fields": {"action_time": "2023-01-30T10:27:45.314Z", "user": 2, "content_type": 9, "object_id": "29", "object_repr": "Ákame", "action_flag": 1, "change_message": "[{\"added\": {}}]"}}, {"model": "admin.logentry", "pk": 115, "fields": {"action_time": "2023-01-30T11:07:58.950Z", "user": 2, "content_type": 9, "object_id": "29", "object_repr": "Ákame", "action_flag": 3, "change_message": ""}}, {"model": "admin.logentry", "pk": 116, "fields": {"action_time": "2023-01-30T20:04:33.241Z", "user": 2, "content_type": 9, "object_id": "32", "object_repr": "Aaa", "action_flag": 3, "change_message": ""}}, {"model": "admin.logentry", "pk": 117, "fields": {"action_time": "2023-01-30T20:46:11.393Z", "user": 2, "content_type": 9, "object_id": "36", "object_repr": "Abigaill", "action_flag": 2, "change_message": "[{\"changed\": {\"fields\": [\"Nome\", \"Telefone\"]}}]"}}, {"model": "admin.logentry", "pk": 118, "fields": {"action_time": "2023-01-30T20:52:26.427Z", "user": 2, "content_type": 9, "object_id": "36", "object_repr": "Abigaill", "action_flag": 2, "change_message": "[]"}}, {"model": "admin.logentry", "pk": 119, "fields": {"action_time": "2023-01-30T20:55:54.733Z", "user": 2, "content_type": 9, "object_id": "37", "object_repr": "Abigail", "action_flag": 3, "change_message": ""}}, {"model": "admin.logentry", "pk": 120, "fields": {"action_time": "2023-01-30T20:55:54.850Z", "user": 2, "content_type": 9, "object_id": "34", "object_repr": "Abigail", "action_flag": 3, "change_message": ""}}, {"model": "admin.logentry", "pk": 121, "fields": {"action_time": "2023-01-30T20:55:54.994Z", "user": 2, "content_type": 9, "object_id": "36", "object_repr": "Abigaill", "action_flag": 3, "change_message": ""}}, {"model": "admin.logentry", "pk": 122, "fields": {"action_time": "2023-01-30T20:58:46.643Z", "user": 2, "content_type": 9, "object_id": "39", "object_repr": "Abigaill", "action_flag": 1, "change_message": "[{\"added\": {}}]"}}, {"model": "admin.logentry", "pk": 123, "fields": {"action_time": "2023-01-30T21:12:26.497Z", "user": 2, "content_type": 9, "object_id": "33", "object_repr": "Bruttus", "action_flag": 3, "change_message": ""}}, {"model": "admin.logentry", "pk": 124, "fields": {"action_time": "2023-01-30T21:12:26.645Z", "user": 2, "content_type": 9, "object_id": "31", "object_repr": "Bruttus", "action_flag": 3, "change_message": ""}}, {"model": "admin.logentry", "pk": 125, "fields": {"action_time": "2023-01-30T21:12:26.767Z", "user": 2, "content_type": 9, "object_id": "30", "object_repr": "Bruttus", "action_flag": 3, "change_message": ""}}, {"model": "admin.logentry", "pk": 126, "fields": {"action_time": "2023-01-30T21:12:35.351Z", "user": 2, "content_type": 9, "object_id": "38", "object_repr": "Abigail", "action_flag": 3, "change_message": ""}}, {"model": "admin.logentry", "pk": 127, "fields": {"action_time": "2023-01-30T21:12:35.514Z", "user": 2, "content_type": 9, "object_id": "39", "object_repr": "Abigaill", "action_flag": 3, "change_message": ""}}, {"model": "admin.logentry", "pk": 128, "fields": {"action_time": "2023-01-30T21:12:51.802Z", "user": 2, "content_type": 9, "object_id": "40", "object_repr": "Hinata", "action_flag": 3, "change_message": ""}}, {"model": "auth.permission", "pk": 1, "fields": {"name": "Can add log entry", "content_type": 1, "codename": "add_logentry"}}, {"model": "auth.permission", "pk": 2, "fields": {"name": "Can change log entry", "content_type": 1, "codename": "change_logentry"}}, {"model": "auth.permission", "pk": 3, "fields": {"name": "Can delete log entry", "content_type": 1, "codename": "delete_logentry"}}, {"model": "auth.permission", "pk": 4, "fields": {"name": "Can view log entry", "content_type": 1, "codename": "view_logentry"}}, {"model": "auth.permission", "pk": 5, "fields": {"name": "Can add permission", "content_type": 2, "codename": "add_permission"}}, {"model": "auth.permission", "pk": 6, "fields": {"name": "Can change permission", "content_type": 2, "codename": "change_permission"}}, {"model": "auth.permission", "pk": 7, "fields": {"name": "Can delete permission", "content_type": 2, "codename": "delete_permission"}}, {"model": "auth.permission", "pk": 8, "fields": {"name": "Can view permission", "content_type": 2, "codename": "view_permission"}}, {"model": "auth.permission", "pk": 9, "fields": {"name": "Can add group", "content_type": 3, "codename": "add_group"}}, {"model": "auth.permission", "pk": 10, "fields": {"name": "Can change group", "content_type": 3, "codename": "change_group"}}, {"model": "auth.permission", "pk": 11, "fields": {"name": "Can delete group", "content_type": 3, "codename": "delete_group"}}, {"model": "auth.permission", "pk": 12, "fields": {"name": "Can view group", "content_type": 3, "codename": "view_group"}}, {"model": "auth.permission", "pk": 13, "fields": {"name": "Can add user", "content_type": 4, "codename": "add_user"}}, {"model": "auth.permission", "pk": 14, "fields": {"name": "Can change user", "content_type": 4, "codename": "change_user"}}, {"model": "auth.permission", "pk": 15, "fields": {"name": "Can delete user", "content_type": 4, "codename": "delete_user"}}, {"model": "auth.permission", "pk": 16, "fields": {"name": "Can view user", "content_type": 4, "codename": "view_user"}}, {"model": "auth.permission", "pk": 17, "fields": {"name": "Can add content type", "content_type": 5, "codename": "add_contenttype"}}, {"model": "auth.permission", "pk": 18, "fields": {"name": "Can change content type", "content_type": 5, "codename": "change_contenttype"}}, {"model": "auth.permission", "pk": 19, "fields": {"name": "Can delete content type", "content_type": 5, "codename": "delete_contenttype"}}, {"model": "auth.permission", "pk": 20, "fields": {"name": "Can view content type", "content_type": 5, "codename": "view_contenttype"}}, {"model": "auth.permission", "pk": 21, "fields": {"name": "Can add session", "content_type": 6, "codename": "add_session"}}, {"model": "auth.permission", "pk": 22, "fields": {"name": "Can change session", "content_type": 6, "codename": "change_session"}}, {"model": "auth.permission", "pk": 23, "fields": {"name": "Can delete session", "content_type": 6, "codename": "delete_session"}}, {"model": "auth.permission", "pk": 24, "fields": {"name": "Can view session", "content_type": 6, "codename": "view_session"}}, {"model": "auth.permission", "pk": 25, "fields": {"name": "Can add categoria", "content_type": 7, "codename": "add_categoria"}}, {"model": "auth.permission", "pk": 26, "fields": {"name": "Can change categoria", "content_type": 7, "codename": "change_categoria"}}, {"model": "auth.permission", "pk": 27, "fields": {"name": "Can delete categoria", "content_type": 7, "codename": "delete_categoria"}}, {"model": "auth.permission", "pk": 28, "fields": {"name": "Can view categoria", "content_type": 7, "codename": "view_categoria"}}, {"model": "auth.permission", "pk": 29, "fields": {"name": "Can add contato", "content_type": 8, "codename": "add_contato"}}, {"model": "auth.permission", "pk": 30, "fields": {"name": "Can change contato", "content_type": 8, "codename": "change_contato"}}, {"model": "auth.permission", "pk": 31, "fields": {"name": "Can delete contato", "content_type": 8, "codename": "delete_contato"}}, {"model": "auth.permission", "pk": 32, "fields": {"name": "Can view contato", "content_type": 8, "codename": "view_contato"}}, {"model": "auth.permission", "pk": 33, "fields": {"name": "Can add contato", "content_type": 9, "codename": "add_contato"}}, {"model": "auth.permission", "pk": 34, "fields": {"name": "Can change contato", "content_type": 9, "codename": "change_contato"}}, {"model": "auth.permission", "pk": 35, "fields": {"name": "Can delete contato", "content_type": 9, "codename": "delete_contato"}}, {"model": "auth.permission", "pk": 36, "fields": {"name": "Can view contato", "content_type": 9, "codename": "view_contato"}}, {"model": "auth.permission", "pk": 37, "fields": {"name": "Can add categoria", "content_type": 10, "codename": "add_categoria"}}, {"model": "auth.permission", "pk": 38, "fields": {"name": "Can change categoria", "content_type": 10, "codename": "change_categoria"}}, {"model": "auth.permission", "pk": 39, "fields": {"name": "Can delete categoria", "content_type": 10, "codename": "delete_categoria"}}, {"model": "auth.permission", "pk": 40, "fields": {"name": "Can view categoria", "content_type": 10, "codename": "view_categoria"}}, {"model": "auth.permission", "pk": 41, "fields": {"name": "Can add captcha store", "content_type": 11, "codename": "add_captchastore"}}, {"model": "auth.permission", "pk": 42, "fields": {"name": "Can change captcha store", "content_type": 11, "codename": "change_captchastore"}}, {"model": "auth.permission", "pk": 43, "fields": {"name": "Can delete captcha store", "content_type": 11, "codename": "delete_captchastore"}}, {"model": "auth.permission", "pk": 44, "fields": {"name": "Can view captcha store", "content_type": 11, "codename": "view_captchastore"}}, {"model": "auth.user", "pk": 2, "fields": {"password": "pbkdf2_sha256$390000$CTCscoJ8p1g0POKN9M0vlb$4TEDxpEBRRoRsmIDdls+LkXpkWD6P3jPEnpDQ+H86Mo=", "last_login": "2023-02-03T01:11:49.649Z", "is_superuser": true, "username": "Leandro", "first_name": "", "last_name": "", "email": "leandro@email.com", "is_staff": true, "is_active": true, "date_joined": "2023-01-28T06:53:37.900Z", "groups": [], "user_permissions": []}}, {"model": "auth.user", "pk": 6, "fields": {"password": "pbkdf2_sha256$390000$WbwGgo3m6i197XWDbvIUuD$hAuXx8Kp39V1dyAfiJlHRApY3JcLc/yk6hbRFmrhFEg=", "last_login": "2023-01-31T20:22:27.980Z", "is_superuser": false, "username": "fabi", "first_name": "", "last_name": "", "email": "fabi@email.com", "is_staff": false, "is_active": true, "date_joined": "2023-01-28T13:11:54.760Z", "groups": [], "user_permissions": []}}, {"model": "auth.user", "pk": 7, "fields": {"password": "pbkdf2_sha256$390000$oGTQQFKJBByFXLfBUMKewc$BKZ7xJw3muxF6jzml7N+ljsxJX1PpKN7ihFSHnwmalo=", "last_login": "2023-02-01T17:30:04.729Z", "is_superuser": false, "username": "usuario", "first_name": "", "last_name": "", "email": "usuario@gmail.com", "is_staff": false, "is_active": true, "date_joined": "2023-02-01T17:29:41.419Z", "groups": [], "user_permissions": []}}, {"model": "auth.user", "pk": 8, "fields": {"password": "pbkdf2_sha256$390000$L7XmLvbk7lm2aHd8vWoLgf$kuwD2/psitqT1T0W+HmCLwEBjGnsCSZpF4XIF/6rMgo=", "last_login": "2023-02-02T23:21:05.145Z", "is_superuser": false, "username": "test", "first_name": "", "last_name": "", "email": "teste@email.com", "is_staff": false, "is_active": true, "date_joined": "2023-02-02T23:19:59.095Z", "groups": [], "user_permissions": []}}, {"model": "contenttypes.contenttype", "pk": 1, "fields": {"app_label": "admin", "model": "logentry"}}, {"model": "contenttypes.contenttype", "pk": 2, "fields": {"app_label": "auth", "model": "permission"}}, {"model": "contenttypes.contenttype", "pk": 3, "fields": {"app_label": "auth", "model": "group"}}, {"model": "contenttypes.contenttype", "pk": 4, "fields": {"app_label": "auth", "model": "user"}}, {"model": "contenttypes.contenttype", "pk": 5, "fields": {"app_label": "contenttypes", "model": "contenttype"}}, {"model": "contenttypes.contenttype", "pk": 6, "fields": {"app_label": "sessions", "model": "session"}}, {"model": "contenttypes.contenttype", "pk": 7, "fields": {"app_label": "contacts", "model": "categoria"}}, {"model": "contenttypes.contenttype", "pk": 8, "fields": {"app_label": "contacts", "model": "contato"}}, {"model": "contenttypes.contenttype", "pk": 9, "fields": {"app_label": "homepage", "model": "contato"}}, {"model": "contenttypes.contenttype", "pk": 10, "fields": {"app_label": "homepage", "model": "categoria"}}, {"model": "contenttypes.contenttype", "pk": 11, "fields": {"app_label": "captcha", "model": "captchastore"}}, {"model": "sessions.session", "pk": "3k0t945ettq9jexk5ejw1szanwctiml8", "fields": {"session_data": ".eJxVjDEOwjAMRe-SGUU4pXbEyM4ZIjsxpIASqWknxN1JpQ6w_vfef5vA65LD2nQOUzJng-bwuwnHp5YNpAeXe7WxlmWexG6K3Wmz15r0ddndv4PMLfdaPJD4RIpETkAI-QSMHOMIoENkRQHXhRsrUQceHCk7QBiOUUfz-QLyozgk:1pMS7T:q8UPqNWU2bnFzufz2Zs7m0ltBEIOSFlIvkAXy6fdO9o", "expire_date": "2023-02-13T11:14:39.433Z"}}, {"model": "sessions.session", "pk": "fa1ghq8tojbkby229ylyomsgvvlvg85y", "fields": {"session_data": ".eJxVjEEOgjAQRe_StWk6QynFpXvP0Mx0poIaSCisjHdXEha6_e-9_zKJtnVIW9UljWLOBs3pd2PKD512IHeabrPN87QuI9tdsQet9jqLPi-H-3cwUB2-dYMAVBBylojB91KEO1CH7BqKwWfSFkpgDorehdJFFHXcc1aFFsC8P-yQOEU:1pNj8M:I54Mv4_BgTeeKDBft1RS_WX6orJvzd6U_YVoXqnvQ_Q", "expire_date": "2023-02-16T23:36:50.310Z"}}, {"model": "captcha.captchastore", "pk": 130, "fields": {"challenge": "RIQP", "response": "riqp", "hashkey": "b87a46fd83df96237849d2ef1c539b97cbb5a68e", "expiration": "2023-02-03T01:17:17.671Z"}}, {"model": "captcha.captchastore", "pk": 131, "fields": {"challenge": "YTCX", "response": "ytcx", "hashkey": "3d571b01199959294ea72760345bfca5a55f6bee", "expiration": "2023-02-03T01:20:15.414Z"}}, {"model": "captcha.captchastore", "pk": 132, "fields": {"challenge": "KPIX", "response": "kpix", "hashkey": "5a009f4d0c03814b56a4fe4f96aa6a0222fafb62", "expiration": "2023-02-03T01:20:29.015Z"}}, {"model": "captcha.captchastore", "pk": 133, "fields": {"challenge": "WYPY", "response": "wypy", "hashkey": "44fa42c40fed9bd3029399adedc76a56315ca537", "expiration": "2023-02-03T01:31:34.095Z"}}, {"model": "captcha.captchastore", "pk": 134, "fields": {"challenge": "JPQB", "response": "jpqb", "hashkey": "5dec67844aeb8ccfefb915ff9c719d788a2a3619", "expiration": "2023-02-03T01:34:22.700Z"}}, {"model": "captcha.captchastore", "pk": 135, "fields": {"challenge": "DRFY", "response": "drfy", "hashkey": "4ab7ffdc99ff47782a98c945f588994ff524bf35", "expiration": "2023-02-03T01:34:24.196Z"}}, {"model": "captcha.captchastore", "pk": 136, "fields": {"challenge": "CUCP", "response": "cucp", "hashkey": "ce003f58ab626c9feda6df520ab7d937a045ad91", "expiration": "2023-02-03T01:45:12.884Z"}}, {"model": "captcha.captchastore", "pk": 137, "fields": {"challenge": "PEEY", "response": "peey", "hashkey": "e5c1979dfa78a89515e763e2c0b76b65fc49198a", "expiration": "2023-02-03T15:49:10.429Z"}}, {"model": "captcha.captchastore", "pk": 138, "fields": {"challenge": "FHGD", "response": "fhgd", "hashkey": "b62b3f1681fb0b37d828d568e20242640711ea05", "expiration": "2023-02-03T16:30:43.425Z"}}, {"model": "homepage.categoria", "pk": 1, "fields": {"categoria": "Família"}}, {"model": "homepage.categoria", "pk": 4, "fields": {"categoria": "Trabalho"}}, {"model": "homepage.categoria", "pk": 5, "fields": {"categoria": "Conhecido(a)"}}, {"model": "homepage.categoria", "pk": 6, "fields": {"categoria": "Amigo(a)"}}, {"model": "homepage.categoria", "pk": 7, "fields": {"categoria": "Amigos próximos"}}, {"model": "homepage.categoria", "pk": 8, "fields": {"categoria": "Namorado(a)"}}, {"model": "homepage.categoria", "pk": 9, "fields": {"categoria": "Desconhecido"}}, {"model": "homepage.contato", "pk": 1, "fields": {"User": 2, "Nome": "Akame", "Sobrenome": "ga kill", "Telefone": "27999998888", "Email": "akame@email.com", "Data_de_criação": "2023-01-28T06:58:58Z", "Descrição": "Akame ga kill", "Categoria": 8, "foto": "img/2023/01/28/akame.webp"}}, {"model": "homepage.contato", "pk": 2, "fields": {"User": 2, "Nome": "Boruto", "Sobrenome": "Uzumaki", "Telefone": "27999998886", "Email": "boruto@email.com", "Data_de_criação": "2023-01-28T07:00:18Z", "Descrição": "", "Categoria": 5, "foto": "img/2023/01/28/boruto.webp"}}, {"model": "homepage.contato", "pk": 3, "fields": {"User": 2, "Nome": "Chiyo", "Sobrenome": "Sakura", "Telefone": "27999998882", "Email": "seila@email.com", "Data_de_criação": "2023-01-28T07:01:26Z", "Descrição": "", "Categoria": 6, "foto": "img/2023/01/28/chyio_sakura.webp"}}, {"model": "homepage.contato", "pk": 4, "fields": {"User": 2, "Nome": "Denki", "Sobrenome": "Kaminari", "Telefone": "24995998888", "Email": "kam@email.com", "Data_de_criação": "2023-01-28T07:03:12Z", "Descrição": "dskflsfk fkdfksdf ksdfjkdsfj", "Categoria": 7, "foto": "img/2023/01/28/denki.webp"}}, {"model": "homepage.contato", "pk": 5, "fields": {"User": 2, "Nome": "Edward", "Sobrenome": "Elric", "Telefone": "27999998880", "Email": "dfjk@email.com", "Data_de_criação": "2023-01-28T07:04:00Z", "Descrição": "", "Categoria": 9, "foto": "img/2023/01/28/edward-elric-u8.webp"}}, {"model": "homepage.contato", "pk": 6, "fields": {"User": 2, "Nome": "Fujiko", "Sobrenome": "Mine", "Telefone": "26993398887", "Email": "fujiko@email.com", "Data_de_criação": "2023-01-28T07:05:04Z", "Descrição": "dfs fdsfdsf dsfdsfdfs fdsfdsf dsfdsfdfs fdsfdsf dsfdsfdfs fdsfdsf dsfdsfdfs fdsfdsf dsfdsfdfs fdsfdsf dsfdsfdfs fdsfdsf dsfdsfdfs fdsfdsf dsfdsfdfs fdsfdsf dsfdsfdfs fdsfdsf dsfdsfdfs fdsfdsf dsfdsfdfs fdsfdsf dsfdsfdfs fdsfdsf dsfdsfdfs fdsfdsf dsfdsfdfs fdsfdsf dsfdsfdfs fdsfdsf dsfdsfdfs fdsfdsf dsfdsfdfs fdsfdsf dsfdsfdfs fdsfdsf dsfdsfdfs fdsfdsf dsfdsfdfs fdsfdsf dsfdsfdfs fdsfdsf dsfdsfdfs fdsfdsf dsfdsfdfs fdsfdsf dsfdsfdfs fdsfdsf dsfdsfdfs fdsfdsf dsfdsfdfs fdsfdsf dsfdsfdfs fdsfdsf dsfdsf", "Categoria": 4, "foto": "img/2023/01/28/2373.webp"}}, {"model": "homepage.contato", "pk": 7, "fields": {"User": 2, "Nome": "Gai", "Sobrenome": "Maito", "Telefone": "27999998156", "Email": "youngai@email.com", "Data_de_criação": "2023-01-28T07:06:26Z", "Descrição": "kfdjsfk jfkdsjfs dksfjkds", "Categoria": 7, "foto": "img/2023/01/28/maitogai.webp"}}, {"model": "homepage.contato", "pk": 8, "fields": {"User": 2, "Nome": "Hinata", "Sobrenome": "Hyiuga", "Telefone": "27999998000", "Email": "Hina@email.com", "Data_de_criação": "2023-01-28T07:07:35Z", "Descrição": "Esposa de Naruto e mae do Boruto", "Categoria": 6, "foto": "img/2023/01/28/Hinata..webp"}}, {"model": "homepage.contato", "pk": 9, "fields": {"User": 2, "Nome": "Izuku", "Sobrenome": "Midoriya", "Telefone": "27999956489", "Email": "hero@email.com", "Data_de_criação": "2023-01-28T07:09:06Z", "Descrição": "", "Categoria": 7, "foto": "img/2023/01/28/375px-IzukuMyHeroAcademia.webp"}}, {"model": "homepage.contato", "pk": 10, "fields": {"User": 2, "Nome": "Jotaro", "Sobrenome": "Kujo", "Telefone": "27999998855", "Email": "ora@email.com", "Data_de_criação": "2023-01-28T07:09:50Z", "Descrição": "lorem lorem lorem lorem lorem lorem lorem lorem lorem lorem lorem lorem lorem lorem lorem lorem lorem lorem lorem lorem lorem lorem lorem lorem lorem lorem lorem lorem lorem lorem lorem lorem lorem lorem lorem lorem lorem lorem lorem lorem lorem lorem lorem lorem lorem lorem lorem lorem lorem lorem lorem lorem lorem lorem lorem lorem lorem lorem lorem lorem lorem lorem lorem lorem lorem lorem lorem lorem lorem lorem lorem lorem lorem lorem", "Categoria": 6, "foto": "img/2023/01/28/tumblr_oy05dvjjFp1r6c90zo2_r1_250.webp"}}, {"model": "homepage.contato", "pk": 11, "fields": {"User": 2, "Nome": "Karine", "Sobrenome": "Santana", "Telefone": "27999998887", "Email": "email@email.com", "Data_de_criação": "2023-01-28T07:10:44Z", "Descrição": "", "Categoria": 1, "foto": ""}}, {"model": "homepage.contato", "pk": 12, "fields": {"User": 2, "Nome": "Luffy", "Sobrenome": "monky D.", "Telefone": "27999998877", "Email": "carne@email.com", "Data_de_criação": "2023-01-28T07:11:29Z", "Descrição": "orem lorem lorem lorem lorem lorem lorem lorem lorem lorem lorem lorem lorem lorem lorem lorem lorem lorem lorem lorem lorem lorem lorem lorem lorem lorem lorem lorem lorem lorem lorem lorem lorem lorem lorem lorem lorem lorem lorem lorem lorem lorem lorem lorem lorem lorem lorem lorem lorem lorem lorem lorem lorem lorem lorem lorem lorem lorem lorem lorem lorem lorem lorem lorem lorem lorem lorem lorem lorem lorem lorem lorem lorem lorem", "Categoria": 7, "foto": "img/2023/01/28/wall_luffy5_500.webp"}}, {"model": "homepage.contato", "pk": 13, "fields": {"User": 2, "Nome": "Mirajane", "Sobrenome": "Strauss", "Telefone": "21996584531", "Email": "strauss@email.com", "Data_de_criação": "2023-01-28T07:12:24Z", "Descrição": "lorem lorem lorem lorem lorem lorem lorem lorem lorem lorem lorem lorem lorem lorem lorem lorem lorem lorem lorem lorem lorem lorem lorem lorem lorem lorem lorem lorem lorem lorem lorem lorem lorem lorem lorem lorem lorem lorem lorem lorem lorem lorem lorem lorem lorem lorem lorem lorem lorem lorem lorem lorem lorem lorem lorem lorem lorem lorem lorem lorem lorem lorem lorem lorem lorem lorem lorem lorem lorem lorem lorem lorem lorem lorem", "Categoria": 8, "foto": "img/2023/01/28/44479095a9cbaff45ed5a1deee32ba1a0cf1e2af_00.webp"}}, {"model": "homepage.contato", "pk": 14, "fields": {"User": 2, "Nome": "Naruto", "Sobrenome": "Uzumaki", "Telefone": "27999998884", "Email": "naruto@email.com", "Data_de_criação": "2023-01-28T07:13:28Z", "Descrição": "", "Categoria": 7, "foto": "img/2023/01/28/main-qimg-921720b71994705cbf2dfd90fa33c183-c.webp"}}, {"model": "homepage.contato", "pk": 15, "fields": {"User": 2, "Nome": "Okabe", "Sobrenome": "Rintaro", "Telefone": "25999998888", "Email": "rint@email.com", "Data_de_criação": "2023-01-28T07:14:28Z", "Descrição": "sdas asdasd sd sda", "Categoria": 1, "foto": ""}}, {"model": "homepage.contato", "pk": 16, "fields": {"User": 2, "Nome": "Portgas", "Sobrenome": "D. Ace", "Telefone": "24999998888", "Email": "ace@email.com", "Data_de_criação": "2023-01-28T07:15:40Z", "Descrição": "", "Categoria": 5, "foto": ""}}, {"model": "homepage.contato", "pk": 17, "fields": {"User": 2, "Nome": "Quent", "Sobrenome": "Yaiden", "Telefone": "27999998822", "Email": "quent@email.com", "Data_de_criação": "2023-01-28T07:16:30Z", "Descrição": "", "Categoria": 9, "foto": ""}}, {"model": "homepage.contato", "pk": 18, "fields": {"User": 2, "Nome": "Robin", "Sobrenome": "Nico", "Telefone": "27999998885", "Email": "robin@email.com", "Data_de_criação": "2023-01-28T07:17:00Z", "Descrição": "lv lv lv lv lv lv lv lv lv lv lv lv lv lv lv lv lv lv lv lv lv lv lv lv lv lv lv lv lv lv lv lv lv lv lv lv", "Categoria": 8, "foto": "img/2023/01/28/bd2cc708569a109bb761685bda412903.webp"}}, {"model": "homepage.contato", "pk": 19, "fields": {"User": 2, "Nome": "Sakura", "Sobrenome": "haruno", "Telefone": "27999998876", "Email": "Sakura@email.com", "Data_de_criação": "2023-01-28T07:18:09Z", "Descrição": "", "Categoria": 5, "foto": "img/2023/01/28/Sakura.webp"}}, {"model": "homepage.contato", "pk": 20, "fields": {"User": 2, "Nome": "Sasuke", "Sobrenome": "Uchirra", "Telefone": "27999998866", "Email": "sss@email.com", "Data_de_criação": "2023-01-28T07:18:58Z", "Descrição": "", "Categoria": 8, "foto": "img/2023/01/28/a5p5fh4lga.webp"}}, {"model": "homepage.contato", "pk": 21, "fields": {"User": 2, "Nome": "Scarlet", "Sobrenome": "Erza", "Telefone": "27998398888", "Email": "Scar@email.com", "Data_de_criação": "2023-01-28T07:19:33Z", "Descrição": "", "Categoria": 1, "foto": ""}}, {"model": "homepage.contato", "pk": 23, "fields": {"User": 2, "Nome": "Toga", "Sobrenome": "Himiko", "Telefone": "21999998888", "Email": "himiko@email.com", "Data_de_criação": "2023-01-28T07:21:11Z", "Descrição": "mudei a message 3", "Categoria": 5, "foto": "img/2023/01/31/1_toga.webp"}}, {"model": "homepage.contato", "pk": 24, "fields": {"User": 2, "Nome": "Uraraka", "Sobrenome": "Ochako", "Telefone": "27999894561", "Email": "ochako@email.com", "Data_de_criação": "2023-01-28T07:21:54Z", "Descrição": "", "Categoria": 6, "foto": ""}}, {"model": "homepage.contato", "pk": 25, "fields": {"User": 2, "Nome": "Vinsmoke", "Sobrenome": "Sanji", "Telefone": "27999995870", "Email": "kitchen@email.com", "Data_de_criação": "2023-01-28T07:22:24Z", "Descrição": "orem lorem lorem lorem lorem lorem lorem lorem lorem lorem lorem lorem lorem lorem lorem lorem lorem lorem lorem lorem lorem lorem lorem lorem lorem lorem lorem lorem lorem lorem lorem lorem lorem lorem lorem lorem lorem lorem lorem lorem lorem lorem lorem lorem lorem lorem lorem lorem lorem lorem lorem lorem lorem lorem lorem lorem lorem lorem lorem lorem lorem lorem lorem lorem lorem lorem lorem lorem lorem lorem lorem lorem lorem lorem", "Categoria": 7, "foto": "img/2023/01/28/fa65dadd1294f981cfdc9d26ce01049b.webp"}}, {"model": "homepage.contato", "pk": 26, "fields": {"User": 2, "Nome": "Yato", "Sobrenome": "", "Telefone": "27999998881", "Email": "y@email.com", "Data_de_criação": "2023-01-28T07:23:17Z", "Descrição": "", "Categoria": 1, "foto": ""}}, {"model": "homepage.contato", "pk": 27, "fields": {"User": 2, "Nome": "Zorro", "Sobrenome": "Roronoa", "Telefone": "27999998777", "Email": "santoriu@email.com", "Data_de_criação": "2023-01-28T07:24:16Z", "Descrição": "", "Categoria": 4, "foto": "img/2023/01/28/3fd9942041ad9f929519ea6639715f64.webp"}}, {"model": "homepage.contato", "pk": 28, "fields": {"User": 6, "Nome": "Naruto", "Sobrenome": "Uzumaki", "Telefone": "27999998884", "Email": "naruto@email.com", "Data_de_criação": "2023-01-28T13:31:38Z", "Descrição": "Hokage de konoha", "Categoria": 1, "foto": "img/2023/01/28/main-qimg-921720b71994705cbf2dfd90fa33c183-c_CGGT3N8.webp"}}, {"model": "homepage.contato", "pk": 41, "fields": {"User": 2, "Nome": "Asta", "Sobrenome": "de hagui", "Telefone": "27995566887", "Email": "reimago@email.com", "Data_de_criação": "2023-01-30T21:20:36Z", "Descrição": "teste", "Categoria": 7, "foto": "img/2023/01/30/asta.webp"}}, {"model": "homepage.contato", "pk": 42, "fields": {"User": 2, "Nome": "Tatsumaki", "Sobrenome": "", "Telefone": "27995586785", "Email": "tatsumaki@email.com", "Data_de_criação": "2023-01-31T20:47:55Z", "Descrição": "superhero", "Categoria": 5, "foto": "img/2023/01/31/2-48.webp"}}, {"model": "homepage.contato", "pk": 43, "fields": {"User": 6, "Nome": "Robin", "Sobrenome": "Nico", "Telefone": "21977990288", "Email": "robin@email.com", "Data_de_criação": "2023-01-31T21:08:41Z", "Descrição": "Pirata", "Categoria": 7, "foto": "img/2023/01/31/bd2cc708569a109bb761685bda412903.webp"}}, {"model": "homepage.contato", "pk": 47, "fields": {"User": 7, "Nome": "Naruto", "Sobrenome": "Uzumaki", "Telefone": "27995566887", "Email": "naruto@email.com", "Data_de_criação": "2023-02-01T17:35:09Z", "Descrição": "teste", "Categoria": 7, "foto": "img/2023/02/01/main-qimg-921720b71994705cbf2dfd90fa33c183-c.webp"}}]